{"cameraMode":{"drawMode":0,"name":"Shaded","section":"Shading Mode"},"sceneLighting":true,"audioPlay":false,"sceneViewState":{"showFog":true,"showMaterialUpdate":false,"showSkybox":false,"showFlares":true,"showImageEffects":true,"showParticleSystems":true},"in2DMode":false,"pivot":{"x":-0.996119499206543,"y":2.0572800636291506,"z":-0.18584895133972169},"rotation":{"x":-0.06324779987335205,"y":0.936720073223114,"z":-0.24749308824539185,"w":-0.23938241600990296},"size":10.0,"orthographic":false}